step,avg_reward,loss,avg_distance,avg_dt,in_bounds_percent
256,0.6647,117.5696,19.7265,0.0119,91.0
512,0.3483,66.0273,21.7634,0.0206,71.5
768,0.5786,88.1678,19.7586,0.0263,85.2
1024,0.4201,55.2298,19.2498,0.0251,73.4
1280,0.6306,104.8205,18.9648,0.0111,88.3
1536,0.6577,120.0239,18.8242,0.0117,89.8
1792,0.5864,109.3869,19.5566,0.0115,85.5
2048,0.4751,64.7706,19.6863,0.0118,78.1
2304,0.7508,150.4864,17.7760,0.0115,95.3
2560,0.3629,46.7311,19.4080,0.0113,69.5
2816,0.6831,144.5686,21.7640,0.0103,95.7
3072,0.7241,139.8839,18.3261,0.0117,93.8
3328,0.6384,112.6166,18.4257,0.0116,88.3
3584,0.3945,48.2206,18.5179,0.0113,71.1
3840,0.6359,130.6395,21.3727,0.0114,92.2
4096,0.6719,137.4013,20.6005,0.0112,93.8
4352,0.5332,91.5393,19.9064,0.0117,83.2
4608,0.5604,116.9652,21.0046,0.0114,86.7
4864,0.4913,72.7140,18.6166,0.0113,78.1
5120,0.6590,136.7372,20.4097,0.0113,93.0
5376,0.6912,149.9693,20.0579,0.0114,94.9
5632,0.6444,125.9379,19.9585,0.0114,91.4
5888,0.5366,112.8110,20.6763,0.0114,84.0
6144,0.4159,79.9807,22.0800,0.0115,77.3
6400,0.3948,85.9568,21.4552,0.0115,74.6
6656,0.5653,109.9523,19.3513,0.0115,85.2
6912,0.5904,116.2461,19.7051,0.0115,87.9
7168,0.6239,124.5860,20.8502,0.0110,91.0
7424,0.6871,125.3238,18.3255,0.0112,91.4
7680,0.5031,80.8348,18.8669,0.0116,79.7
7936,0.6620,153.0897,20.4209,0.0128,93.4
8192,0.6894,135.3043,17.7473,0.0114,91.8
8448,0.4393,86.9337,22.8763,0.0115,80.9
8704,0.5890,110.5200,20.8465,0.0117,88.7
8960,0.3356,75.5482,24.3948,0.0114,74.2
9216,0.7516,144.3366,17.7847,0.0112,95.3
9472,0.6175,158.7444,25.4304,0.0118,96.5
9728,0.7336,163.5679,20.9581,0.0114,98.4
9984,0.6061,107.6152,18.1316,0.0114,86.7
10240,0.4998,91.7902,22.3716,0.0115,84.0
10496,0.6510,138.3084,21.1353,0.0108,93.0
10752,0.4863,77.2963,20.0474,0.0118,80.1
11008,0.5869,114.5575,22.8314,0.0114,90.2
11264,0.6156,132.6655,21.5423,0.0114,91.4
11520,0.6491,128.4048,21.3497,0.0114,93.0
11776,0.5434,100.6580,19.5291,0.0115,83.2
12032,0.6678,143.3269,21.9957,0.0112,95.3
12288,0.4403,81.6678,23.1028,0.0117,80.1
12544,0.5869,109.1778,20.9150,0.0116,88.7
12800,0.7335,146.8224,18.9844,0.0113,95.7
13056,0.7658,147.3382,17.7404,0.0114,96.1
13312,0.7003,146.5040,20.5039,0.0112,95.3
13568,0.4319,66.1230,19.1946,0.0115,74.6
13824,0.4128,66.8157,21.5336,0.0117,76.6
14080,0.5789,122.4557,21.6413,0.0113,88.3
14336,0.6378,121.3926,19.9110,0.0112,90.2
14592,0.5707,143.4800,25.6787,0.0112,93.8
14848,0.6183,117.1109,20.8206,0.0113,90.2
15104,0.4367,66.6693,21.2397,0.0115,77.7
15360,0.6334,123.2249,20.6756,0.0114,91.4
15616,0.4778,81.4712,21.3792,0.0115,81.2
15872,0.6029,146.1198,25.3896,0.0111,95.3
16128,0.5010,77.7956,21.7020,0.0116,83.2
16384,0.4742,69.2559,19.5585,0.0115,77.7
16640,0.6360,119.1691,20.8931,0.0115,91.4
16896,0.5561,101.6411,21.8034,0.0114,86.7
17152,0.5897,121.2923,20.7515,0.0112,87.9
17408,0.5994,129.2423,20.5330,0.0114,88.7
17664,0.5386,110.5775,19.2395,0.0119,82.4
17920,0.5795,109.3663,21.5184,0.0113,88.3
18176,0.5336,101.6887,21.6644,0.0116,85.2
18432,0.4384,53.1098,18.2463,0.0114,73.8
18688,0.6640,132.4465,20.2357,0.0116,93.0
18944,0.6805,144.2635,22.1253,0.0113,96.1
19200,0.4780,81.5730,22.0543,0.0114,81.6
19456,0.6665,132.4961,20.7070,0.0113,93.8
19712,0.5091,80.7533,19.0632,0.0118,79.7
19968,0.5921,108.3167,20.0806,0.0114,88.3
20224,0.5242,101.2260,19.0722,0.0116,80.9
20480,0.6455,127.3010,17.0547,0.0114,87.1
20736,0.5930,106.3718,22.5325,0.0118,90.2
20992,0.6257,130.3727,22.1633,0.0113,92.2
21248,0.5341,77.0113,19.5974,0.0119,82.4
21504,0.6423,146.4364,22.8186,0.0115,94.9
21760,0.6718,127.0758,19.9030,0.0115,92.6
22016,0.6071,105.9323,19.2221,0.0115,87.5
22272,0.7595,162.9047,19.4572,0.0102,98.4
22528,0.6763,131.5302,19.9871,0.0115,93.4
22784,0.6528,128.3979,20.9946,0.0115,93.4
23040,0.6725,129.6744,19.4256,0.0115,92.6
23296,0.7457,154.4780,18.9739,0.0113,97.3
23552,0.7126,143.2782,21.0206,0.0115,96.9
23808,0.6899,136.4296,21.2954,0.0117,95.7
24064,0.6983,139.2236,19.7195,0.0119,94.9
24320,0.7172,145.9125,20.5446,0.0120,96.9
24576,0.5953,113.4962,21.4217,0.0122,89.8
24832,0.3422,56.4086,24.1749,0.0119,74.6
25088,0.3782,70.7993,22.7810,0.0118,74.6
25344,0.5702,86.0526,19.3486,0.0119,84.8
25600,0.3141,56.9765,22.9097,0.0117,70.7
25856,0.4627,71.1709,22.8927,0.0121,82.0
26112,0.5591,93.8291,20.3396,0.0120,85.2
26368,0.3550,44.8954,19.2340,0.0119,69.1
26624,0.6418,120.4088,21.3087,0.0115,92.6
26880,0.6639,127.7931,20.3145,0.0114,92.2
27136,0.5536,87.2883,19.0778,0.0115,83.2
27392,0.7172,140.4205,20.6000,0.0118,96.5
27648,0.6120,101.2928,19.5179,0.0115,87.9
27904,0.5629,79.3069,18.0225,0.0117,82.0
28160,0.6501,117.9725,21.4803,0.0112,93.4
28416,0.5825,97.3604,18.8886,0.0116,85.5
28672,0.7479,127.9733,19.1754,0.0114,96.1
28928,0.7158,134.6446,20.7020,0.0112,96.5
29184,0.7112,123.9959,17.6455,0.0113,92.6
29440,0.5568,100.0780,20.4313,0.0118,84.8
29696,0.6777,124.7030,19.8262,0.0117,93.4
29952,0.7392,150.9245,19.8795,0.0121,98.4
30208,0.6136,133.2712,25.0451,0.0113,95.7
30464,0.7104,128.7953,18.5049,0.0113,94.5
30720,0.7470,147.1634,19.8741,0.0115,98.4
30976,0.6679,117.0044,18.2465,0.0115,91.4
31232,0.6938,134.1592,20.8387,0.0112,95.7
31488,0.6836,119.5492,21.7567,0.0114,95.3
31744,0.6996,127.2529,19.1836,0.0111,94.5
32000,0.6044,118.6676,22.9314,0.0113,92.6
32256,0.2676,34.2518,22.1895,0.0118,66.8
32512,0.7259,131.6772,19.9560,0.0111,96.9
32768,0.6557,107.2833,18.3377,0.0118,90.6
33024,0.5645,84.4038,21.9446,0.0117,87.5
33280,0.5507,61.0131,19.1188,0.0114,82.8
33536,0.7299,132.0855,18.7280,0.0113,96.1
33792,0.6549,108.9463,20.9926,0.0116,93.0
34048,0.6629,103.3407,18.7917,0.0118,91.0
34304,0.5316,66.9119,20.3442,0.0117,84.0
34560,0.6369,104.3813,20.4529,0.0112,91.4
34816,0.7253,106.3889,17.5089,0.0114,93.4
35072,0.7036,122.4467,19.0076,0.0111,94.5
35328,0.5272,67.6231,21.4882,0.0115,84.8
35584,0.6400,106.6297,17.8150,0.0115,87.9
35840,0.4541,54.9016,19.5868,0.0118,77.3
36096,0.6760,106.3208,20.0221,0.0114,93.8
36352,0.5384,73.9684,21.4340,0.0116,85.2
36608,0.7028,118.8979,19.7295,0.0112,95.3
36864,0.4579,46.7476,20.7544,0.0116,78.9
37120,0.6549,100.0862,20.8311,0.0114,92.6
37376,0.5094,65.7414,20.5622,0.0248,82.4
37632,0.3619,30.4564,18.9998,0.0118,69.5
37888,0.7451,104.4731,17.5963,0.0116,94.9
38144,0.6750,100.4088,18.9137,0.0114,91.8
38400,0.7315,120.7256,19.2203,0.0104,96.5
38656,0.5754,75.7832,19.4007,0.0117,85.2
38912,0.7895,125.5097,16.9390,0.0115,97.3
39168,0.4084,61.1337,19.3735,0.0117,72.7
39424,0.6681,108.9690,20.8843,0.0115,93.8
39680,0.4801,66.2113,21.6545,0.0116,81.2
39936,0.6442,109.4467,21.5655,0.0112,93.4
40192,0.6331,88.6431,19.6877,0.0116,90.2
40448,0.6348,85.5121,19.9478,0.0116,91.0
40704,0.7256,110.8037,21.5859,0.0116,98.4
40960,0.7331,113.9284,19.9486,0.0116,97.3
41216,0.6851,93.2789,17.0753,0.0115,91.0
41472,0.6666,96.9166,20.9844,0.0116,94.1
41728,0.6868,94.0505,19.7415,0.0114,94.1
41984,0.6819,97.0612,21.1588,0.0115,95.3
42240,0.5323,64.6416,19.8817,0.0117,83.2
42496,0.4559,38.2025,19.7856,0.0116,77.0
42752,0.5820,68.3107,22.1237,0.0116,89.5
43008,0.7305,100.6256,19.6682,0.0115,96.5
43264,0.7374,112.2501,19.4632,0.0119,96.5
43520,0.7612,112.5381,17.4284,0.0113,96.1
43776,0.6906,88.4607,18.7272,0.0115,93.0
44032,0.7592,111.8935,19.1675,0.0114,98.0
44288,0.6468,74.4526,19.2938,0.0117,89.8
44544,0.6194,71.3096,21.2484,0.0114,90.6
44800,0.7218,93.4426,20.3155,0.0112,96.9
45056,0.7285,98.0082,19.1950,0.0115,96.5
45312,0.7275,95.7220,19.5722,0.0113,96.5
45568,0.6081,75.4547,20.4227,0.0115,89.8
45824,0.7032,83.0610,19.0298,0.0113,94.5
46080,0.5497,65.0493,24.1011,0.0115,89.8
46336,0.5562,53.8615,19.1019,0.0116,83.6
46592,0.3889,43.6163,21.2631,0.0116,74.2
46848,0.6141,62.0767,21.8760,0.0113,91.8
47104,0.6138,82.6935,22.2977,0.0113,92.6
47360,0.5422,51.2857,17.9485,0.0115,81.2
47616,0.7067,81.0285,20.5810,0.0113,96.1
47872,0.6074,58.0303,18.4567,0.0112,87.1
48128,0.6425,91.6336,23.2839,0.0115,96.1
48384,0.7061,79.5614,21.0291,0.0111,96.5
48640,0.3029,52.9364,19.7578,0.0113,66.4
48896,0.6692,70.2878,20.7169,0.0114,94.1
49152,0.5636,60.9319,18.3598,0.0117,83.6
49408,0.6981,70.7448,20.7566,0.0114,96.5
49664,0.5491,45.6331,19.3386,0.0115,83.6
49920,0.5969,57.1259,20.4296,0.0114,87.9
50176,0.4342,64.9792,21.6219,0.0116,77.7
50432,0.6482,71.7876,19.9216,0.0113,91.0
50688,0.3588,56.3933,23.7801,0.0115,75.8
50944,0.4345,62.5603,21.4611,0.0116,78.1
51200,0.7324,85.5164,20.1973,0.0115,97.3
51456,0.7306,84.8694,18.6414,0.0115,95.7
